exp,lg,nm,pfm,sea
81.47894348403145,Premier League,Manchester United,8.52105651596855,08/09
44.97010803251821,Premier League,Newcastle United,-10.970108032518219,08/09
71.93681656848246,Premier League,Arsenal,0.06318343151754258,08/09
37.112622230457916,Premier League,West Bromwich Albion,-5.1126222304579105,08/09
43.400273479753395,Premier League,Sunderland,-7.400273479753393,08/09
75.23158397157705,Premier League,Liverpool,10.768416028422948,08/09
44.96852787814316,Premier League,West Ham United,6.031472121856843,08/09
44.356052124738156,Premier League,Wigan Athletic,0.6439478752618479,08/09
57.929519800833155,Premier League,Aston Villa,4.0704801991668464,08/09
53.10203180622353,Premier League,Manchester City,-3.102031806223531,08/09
53.079130555754865,Premier League,Everton,9.920869444245152,08/09
46.939412463131035,Premier League,Blackburn Rovers,-5.939412463131039,08/09
44.1409487834801,Premier League,Middlesbrough,-12.140948783480098,08/09
55.28833493834448,Premier League,Tottenham Hotspur,-4.28833493834448,08/09
42.5758260061626,Premier League,Bolton Wanderers,-1.5758260061625977,08/09
36.04692951950159,Premier League,Stoke City,8.953070480498411,08/09
38.7196125750024,Premier League,Hull City,-3.719612575002402,08/09
43.78340649839094,Premier League,Fulham,9.216593501609061,08/09
79.21929791173791,Premier League,Chelsea,3.7807020882621165,08/09
46.38926038978954,Premier League,Portsmouth,-5.389260389789547,08/09
45.84884648415587,Ligue 1,AJ Auxerre,9.151153515844129,08/09
44.41799383744727,Ligue 1,FC Nantes,-9.499074918528352,08/09
66.32336781891345,Ligue 1,Girondins de Bordeaux,13.67663218108655,08/09
45.258452906000585,Ligue 1,SM Caen,-8.258452906000585,08/09
36.986193400690574,Ligue 1,Le Havre AC,-10.986193400690574,08/09
48.43146338671835,Ligue 1,OGC Nice,1.5685366132816523,08/09
47.387696575107945,Ligue 1,Le Mans FC,-7.387696575107939,08/09
46.20094111117895,Ligue 1,FC Lorient,-1.2009411111789543,08/09
73.07654606385829,Ligue 1,Olympique Lyonnais,-0.1576271449393564,08/09
52.04274904834617,Ligue 1,Toulouse FC,11.957250951653826,08/09
47.872624292789865,Ligue 1,AS Monaco,-2.8726242927898746,08/09
60.60066313147883,Ligue 1,Paris Saint-Germain,3.399336868521152,08/09
48.44952873366334,Ligue 1,AS Nancy-Lorraine,-6.449528733663341,08/09
58.85548025717907,Ligue 1,LOSC Lille,5.144519742820929,08/09
56.27183276449546,Ligue 1,Stade Rennais FC,4.728167235504552,08/09
67.30571576290544,Ligue 1,Olympique de Marseille,9.694284237094552,08/09
46.867207701658444,Ligue 1,FC Sochaux-Montbéliard,-4.86720770165844,08/09
42.23157941496146,Ligue 1,Grenoble Foot 38,1.7684205850385406,08/09
42.75119489670565,Ligue 1,Valenciennes FC,1.24880510329435,08/09
51.85195964539312,Ligue 1,AS Saint-Étienne,-11.851959645393121,08/09
77.4115848085736,Bundesliga,FC Bayern Munich,-2.529231867397114,08/09
62.53594359809689,Bundesliga,Hamburger SV,5.640526990138397,08/09
61.05583609476143,Bundesliga,Bayer 04 Leverkusen,-6.291130212408488,08/09
55.911574548273464,Bundesliga,Borussia Dortmund,10.02960192231477,08/09
62.86277441466136,Bundesliga,FC Schalke 04,-6.980421473484882,08/09
44.20533622434606,Bundesliga,Hannover 96,0.500546128595112,08/09
61.78559095846491,Bundesliga,VfL Wolfsburg,15.332056100358628,08/09
41.337776967654136,Bundesliga,1. FC Köln,2.2504583264635065,08/09
41.299618870487585,Bundesliga,Eintracht Frankfurt,-4.41726592931111,08/09
54.551019202297454,Bundesliga,Hertha BSC Berlin,15.860745503584903,08/09
39.211173509949454,Bundesliga,DSC Arminia Bielefeld,-7.917055862890631,08/09
64.07812681331959,Bundesliga,SV Werder Bremen,-13.784009166260775,08/09
36.620116397511154,Bundesliga,FC Energie Cottbus,-3.0907046328052754,08/09
53.11516683690899,Bundesliga,TSG 1899 Hoffenheim,8.355421398385118,08/09
40.87625639728719,Bundesliga,Borussia Mönchengladbach,-6.229197573757777,08/09
59.97588238160005,Bundesliga,VfB Stuttgart,11.553529383105824,08/09
38.57410323961698,Bundesliga,Karlsruher SC,-6.162338533734622,08/09
41.60888575849572,Bundesliga,VfL Bochum,-5.844179876142783,08/09
45.53682777639651,Serie A,Atalanta,1.4631722236034985,08/09
41.73547771360587,Serie A,Siena,2.2645222863941377,08/09
43.493362066249475,Serie A,Cagliari,9.506637933750529,08/09
53.00848027408202,Serie A,Lazio,-3.0084802740820225,08/09
40.86645053792178,Serie A,Catania,2.133549462078218,08/09
52.295073495406804,Serie A,Genoa,15.7049265045932,08/09
39.54286323831245,Serie A,Chievo Verona,-1.5428632383124459,08/09
39.510047781596846,Serie A,Reggio Calabria,-8.510047781596848,08/09
61.31691344475053,Serie A,Fiorentina,6.683086555249468,08/09
70.93853736315252,Serie A,Juventus,3.0614626368474878,08/09
72.67540919679945,Serie A,Milan,1.3245908032005698,08/09
41.366891812344136,Serie A,Bologna,-4.366891812344138,08/09
64.77931027987866,Serie A,Roma,-1.779310279878655,08/09
52.10953623074738,Serie A,Napoli,-6.109536230747379,08/09
49.16655148712401,Serie A,Sampdoria,-3.166551487124016,08/09
75.15467004103581,Serie A,Inter,8.845329958964188,08/09
45.67949757582399,Serie A,Torino,-11.679497575823984,08/09
39.28683761999865,Serie A,Lecce,-9.286837619998652,08/09
52.437505390259005,Serie A,Udinese,5.562494609740993,08/09
51.48997183371537,Serie A,Palermo,5.510028166284622,08/09
61.77614814511339,La Liga,Valencia CF,0.22385185488661016,08/09
45.017281062933606,La Liga,RCD Mallorca,5.982718937066395,08/09
48.13983444934661,La Liga,CA Osasuna,-5.139834449346607,08/09
59.701780366152434,La Liga,Villarreal CF,5.298219633847564,08/09
50.63153169370689,La Liga,RC Deportivo de La Coruña,7.368468306293114,08/09
71.93232336614486,La Liga,Real Madrid CF,6.067676633855143,08/09
38.4672216856838,La Liga,CD Numancia,-3.4672216856838047,08/09
81.49107330533337,La Liga,FC Barcelona,5.508926694666608,08/09
46.705507843845176,La Liga,Racing Santander,-0.7055078438451767,08/09
62.541384215677546,La Liga,Sevilla FC,6.269426595133271,08/09
41.245930208370204,La Liga,Real Sporting de Gijón,2.916231953791957,08/09
48.578591396986894,La Liga,Getafe CF,-6.5785913969869,08/09
49.74467219524118,La Liga,Real Betis Balompié,-7.744672195241181,08/09
41.144368135172755,La Liga,RC Recreativo,-8.144368135172755,08/09
47.23468358841521,La Liga,RCD Espanyol,-0.23468358841519998,08/09
45.84788702147003,La Liga,Real Valladolid,-2.847887021470032,08/09
46.2320421513911,La Liga,Athletic Club de Bilbao,-2.2320421513911097,08/09
45.44693986490634,La Liga,UD Almería,0.553060135093661,08/09
62.44766913263656,La Liga,Atlético Madrid,4.552330867363439,08/09
45.2091036026413,La Liga,Málaga CF,9.790896397358699,08/09
80.90842677665982,Premier League,Manchester United,4.091573223340186,09/10
76.32024057622837,Premier League,Arsenal,-1.3202405762283815,09/10
44.564763656731664,Premier League,Sunderland,-0.5647636567316585,09/10
71.57384239741491,Premier League,Liverpool,-8.573842397414904,09/10
43.537836574090754,Premier League,West Ham United,-8.53783657409076,09/10
41.45886129948412,Premier League,Wigan Athletic,-5.45886129948412,09/10
58.407993677696446,Premier League,Aston Villa,5.59200632230355,09/10
66.04543505858031,Premier League,Manchester City,0.954564941419694,09/10
56.26445244825682,Premier League,Everton,4.735547551743178,09/10
44.133790353867894,Premier League,Blackburn Rovers,5.866209646132107,09/10
63.76734073909746,Premier League,Tottenham Hotspur,6.232659260902534,09/10
41.969656809687,Premier League,Bolton Wanderers,-2.969656809687005,09/10
41.6521708067739,Premier League,Stoke City,5.347829193226098,09/10
35.28521766538887,Premier League,Hull City,-5.285217665388877,09/10
45.02457629477445,Premier League,Fulham,0.9754237052255483,09/10
83.6116977077553,Premier League,Chelsea,2.388302292244711,09/10
35.25673087519499,Premier League,Portsmouth,-7.2567308751949895,09/10
42.66112850530414,Premier League,Birmingham City,7.338871494695863,09/10
37.3223509160807,Premier League,Wolverhampton Wanderers,0.6776490839192966,09/10
35.07732113704366,Premier League,Burnley,-5.077321137043661,09/10
52.01984318048579,Ligue 1,AJ Auxerre,18.9801568195142,09/10
70.98742337032323,Ligue 1,Girondins de Bordeaux,-6.987423370323229,09/10
45.20535009474689,Ligue 1,OGC Nice,-1.2053500947468878,09/10
41.150651815123524,Ligue 1,Le Mans FC,-9.150651815123526,09/10
48.45816984906696,Ligue 1,FC Lorient,9.541830150933043,09/10
72.5009522726941,Ligue 1,Olympique Lyonnais,-1.6360874078292116,09/10
51.40994716891021,Ligue 1,Toulouse FC,-4.409947168910205,09/10
50.28226159290442,Ligue 1,AS Monaco,4.7177384070955855,09/10
57.84155034917559,Ligue 1,Paris Saint-Germain,-10.841550349175584,09/10
45.90854708598135,Ligue 1,AS Nancy-Lorraine,2.091452914018655,09/10
64.58374400155951,Ligue 1,LOSC Lille,5.416255998440493,09/10
56.877174925006656,Ligue 1,Stade Rennais FC,-3.877174925006655,09/10
70.33714405095331,Ligue 1,Olympique de Marseille,7.662855949046691,09/10
45.029221523810186,Ligue 1,FC Sochaux-Montbéliard,-4.029221523810183,09/10
35.764463055525525,Ligue 1,Grenoble Foot 38,-12.142841433903898,09/10
45.70371310828365,Ligue 1,Valenciennes FC,6.29628689171635,09/10
46.85165157041865,Ligue 1,AS Saint-Étienne,-6.85165157041865,09/10
45.7844241726529,Ligue 1,RC Lens,2.2155758273471062,09/10
51.52285542297619,Ligue 1,Montpellier Hérault SC,17.47714457702381,09/10
34.391957446285474,Ligue 1,US Boulogne Cote D'Opale,-3.3919574462854722,09/10
79.20522954127534,Bundesliga,FC Bayern Munich,-0.9699354236282882,09/10
61.51292404384625,Bundesliga,Hamburger SV,-3.3952769850227202,09/10
66.30203126549969,Bundesliga,Bayer 04 Leverkusen,-0.36085479491145367,09/10
57.80980549894912,Bundesliga,Borussia Dortmund,5.896076853992058,09/10
63.71120085719018,Bundesliga,FC Schalke 04,8.935857966339231,09/10
40.73631768383276,Bundesliga,Hannover 96,-3.853964742656297,09/10
60.57063445774971,Bundesliga,VfL Wolfsburg,-4.6882815165732366,09/10
39.6217571017532,Bundesliga,1. FC Köln,2.8488311335409224,09/10
43.05166995951153,Bundesliga,Eintracht Frankfurt,8.360094746370814,09/10
42.7990592897468,Bundesliga,Hertha BSC Berlin,-15.975529877982101,09/10
67.53284965000594,Bundesliga,SV Werder Bremen,0.6436209382293481,09/10
55.272089450742676,Bundesliga,TSG 1899 Hoffenheim,-8.330912980154428,09/10
41.46413185929119,Bundesliga,Borussia Mönchengladbach,2.1241034348264534,09/10
59.39703933965966,Bundesliga,VfB Stuttgart,2.0735488956344548,09/10
38.02552359473217,Bundesliga,VfL Bochum,-6.73140594767334,09/10
38.707203811904236,Bundesliga,SC Freiburg,0.4104432469192915,09/10
41.79722854621338,Bundesliga,1. FC Nürnberg,-7.150169722683976,09/10
40.75839183296222,Bundesliga,1. FSV Mainz 05,11.771019931743664,09/10
44.01919789888785,Serie A,Atalanta,-9.019197898887857,09/10
38.26687985560904,Serie A,Siena,-7.26687985560904,09/10
45.085466370270396,Serie A,Cagliari,-1.0854663702704028,09/10
51.18394902579769,Serie A,Lazio,-5.183949025797695,09/10
43.43096854659071,Serie A,Catania,1.7582206425984808,09/10
51.689953060317784,Serie A,Genoa,-0.6899530603177846,09/10
42.434500776164086,Serie A,Chievo Verona,1.5654992238359178,09/10
57.857293310706375,Serie A,Fiorentina,-10.857293310706376,09/10
67.54501200214676,Serie A,Juventus,-12.545012002146763,09/10
68.87099857354984,Serie A,Milan,1.1290014264501596,09/10
39.68233745061898,Serie A,Bologna,2.4257706574891293,09/10
66.10457335188042,Serie A,Roma,13.895426648119575,09/10
55.56025858103909,Serie A,Napoli,3.439741418960909,09/10
54.24353770787191,Serie A,Sampdoria,12.756462292128102,09/10
76.40625163851988,Serie A,Inter,5.593748361480133,09/10
50.816263095898094,Serie A,Udinese,-6.816263095898097,09/10
55.23926728825774,Serie A,Palermo,9.760732711742259,09/10
43.978254024636925,Serie A,Bari,6.021745975363071,09/10
35.89504128901376,Serie A,Livorno,-6.895041289013763,09/10
45.06832366289939,Serie A,Parma,6.93167633710061,09/10
63.67504570911872,La Liga,Valencia CF,7.324954290881277,09/10
51.65077526365458,La Liga,RCD Mallorca,10.349224736345416,09/10
46.01043255797475,La Liga,CA Osasuna,-3.01043255797475,09/10
58.65707646408579,La Liga,Villarreal CF,-2.657076464085786,09/10
48.89796357708339,La Liga,RC Deportivo de La Coruña,-1.8979635770833965,09/10
84.67294388024824,La Liga,Real Madrid CF,11.32705611975176,09/10
88.61240882730237,La Liga,FC Barcelona,10.387591172697626,09/10
44.97544203534477,La Liga,Racing Santander,-5.975442035344771,09/10
65.32988283354354,La Liga,Sevilla FC,-2.3298828335435413,09/10
41.7707383097774,La Liga,Real Sporting de Gijón,-1.770738309777403,09/10
50.85936287336079,La Liga,Getafe CF,7.1406371266392075,09/10
45.71349381289606,La Liga,RCD Espanyol,-1.713493812896063,09/10
42.660734435219084,La Liga,Real Valladolid,-6.660734435219077,09/10
49.564310235858954,La Liga,Athletic Club de Bilbao,4.435689764141049,09/10
41.974240835388876,La Liga,UD Almería,0.025759164611121932,09/10
54.898939035559145,La Liga,Atlético Madrid,-7.898939035559142,09/10
42.27638471234471,La Liga,Málaga CF,-5.276384712344708,09/10
34.30652245679134,La Liga,Xerez Club Deportivo,-0.3065224567913363,09/10
45.320815181571305,La Liga,Real Zaragoza,-4.320815181571311,09/10
42.262767777599976,La Liga,CD Tenerife,-6.2627677775999695,09/10
77.06335336412909,Premier League,Manchester United,2.9366466358709182,10/11
45.54274180405034,Premier League,Newcastle United,0.45725819594966016,10/11
75.07960597694745,Premier League,Arsenal,-7.079605976947439,10/11
44.09240715248382,Premier League,West Bromwich Albion,2.9075928475161787,10/11
44.892280114661105,Premier League,Sunderland,2.1077198853388937,10/11
63.14778406430474,Premier League,Liverpool,-5.147784064304739,10/11
41.431296417444045,Premier League,West Ham United,-8.431296417444038,10/11
38.71636285630176,Premier League,Wigan Athletic,3.2836371436982437,10/11
49.62026296869281,Premier League,Aston Villa,-1.620262968692818,10/11
67.38190528628336,Premier League,Manchester City,3.618094713716654,10/11
56.75844852337967,Premier League,Everton,-2.758448523379669,10/11
43.79566634583035,Premier League,Blackburn Rovers,-0.7956663458303463,10/11
61.56403603063377,Premier League,Tottenham Hotspur,0.4359639693662259,10/11
44.57637111625951,Premier League,Bolton Wanderers,1.4236288837405011,10/11
44.70496610826488,Premier League,Stoke City,1.2950338917351152,10/11
46.42672076946937,Premier League,Fulham,2.573279230530626,10/11
80.59465557985052,Premier League,Chelsea,-9.594655579850501,10/11
42.10585454445969,Premier League,Birmingham City,-3.1058545444596892,10/11
40.00160106938596,Premier League,Wolverhampton Wanderers,-0.0016010693859671576,10/11
34.6566787363588,Premier League,Blackpool,4.343321263641197,10/11
50.11816369584927,Ligue 1,AJ Auxerre,-1.1181636958492673,10/11
58.492342260162,Ligue 1,Girondins de Bordeaux,-7.492342260161995,10/11
45.59945377567184,Ligue 1,SM Caen,0.40054622432816256,10/11
43.77648420936974,Ligue 1,OGC Nice,2.223515790630263,10/11
50.03625844895554,Ligue 1,FC Lorient,0.28806587536878664,10/11
68.48571598323524,Ligue 1,Olympique Lyonnais,-4.485715983235242,10/11
50.80338310259161,Ligue 1,Toulouse FC,-0.8033831025916092,10/11
48.968416712816435,Ligue 1,AS Monaco,-4.968416712816438,10/11
63.906114796318406,Ligue 1,Paris Saint-Germain,-3.906114796318405,10/11
46.75990395993639,Ligue 1,AS Nancy-Lorraine,1.2400960400636074,10/11
67.1335483443319,Ligue 1,LOSC Lille,7.839424628641082,10/11
56.376519009320695,Ligue 1,Stade Rennais FC,-0.37651900932069937,10/11
68.12055660298986,Ligue 1,Olympique de Marseille,-0.12055660298987282,10/11
46.93593360463187,Ligue 1,FC Sochaux-Montbéliard,11.064066395368133,10/11
47.63704045377294,Ligue 1,Valenciennes FC,0.3629595462270596,10/11
50.245992502465924,Ligue 1,AS Saint-Étienne,-1.2459925024659313,10/11
44.349942511374735,Ligue 1,RC Lens,-9.349942511374731,10/11
49.705130581124685,Ligue 1,Montpellier Hérault SC,-2.7051305811246884,10/11
29.09892108147088,Ligue 1,AC Arles-Avignon,-9.098921081470884,10/11
45.02967559041224,Ligue 1,Stade Brestois 29,0.9703244095877595,10/11
78.30541025390454,Bundesliga,FC Bayern Munich,-5.658351430375127,10/11
57.19137416114358,Bundesliga,Hamburger SV,-6.897256514084753,10/11
66.05472050481441,Bundesliga,Bayer 04 Leverkusen,9.945279495185584,10/11
69.0807340037012,Bundesliga,Borussia Dortmund,14.742795408063515,10/11
56.98967465468549,Bundesliga,FC Schalke 04,-12.283792301744308,10/11
44.18973309332939,Bundesliga,Hannover 96,22.869090436082377,10/11
55.75014657697856,Bundesliga,VfL Wolfsburg,-13.279558341684432,10/11
41.27140948191058,Bundesliga,1. FC Köln,7.90506110632472,10/11
45.90437281440656,Bundesliga,Eintracht Frankfurt,-7.904372814406559,10/11
56.85884267980022,Bundesliga,SV Werder Bremen,-11.035313268035509,10/11
51.28642123833428,Bundesliga,TSG 1899 Hoffenheim,-3.2275977089225107,10/11
42.29770515845479,Bundesliga,Borussia Mönchengladbach,-2.062411040807743,10/11
55.31292415726388,Bundesliga,VfB Stuttgart,-8.37174768667565,10/11
40.68114586961795,Bundesliga,SC Freiburg,8.495324718617347,10/11
44.718901348786765,Bundesliga,1. FC Nürnberg,7.810510415919116,10/11
49.10292977440677,Bundesliga,1. FSV Mainz 05,15.72059963735793,10/11
43.40572710816858,Bundesliga,1. FC Kaiserslautern,8.006037597713773,10/11
39.03653133704093,Bundesliga,FC St. Pauli,-6.624766631158584,10/11
44.476595112860494,Serie A,Cagliari,0.5234048871395063,10/11
57.07735017829758,Serie A,Lazio,8.92264982170243,10/11
45.18266275476835,Serie A,Catania,0.8173372452316583,10/11
50.4794037520091,Serie A,Genoa,-0.8682926408979833,10/11
42.66671045417277,Serie A,Chievo Verona,1.6666228791605664,10/11
54.14855637730799,Serie A,Fiorentina,-3.148556377307987,10/11
63.97114938256178,Serie A,Juventus,-5.971149382561791,10/11
72.27551177919761,Serie A,Milan,9.724488220802375,10/11
40.03114503212788,Serie A,Bologna,6.185071184088337,10/11
65.09266041824822,Serie A,Roma,-2.092660418248216,10/11
61.072691120532646,Serie A,Napoli,8.927308879467349,10/11
50.58640428471092,Serie A,Sampdoria,-14.586404284710936,10/11
71.16149381371699,Serie A,Inter,4.838506186283011,10/11
38.61776988575638,Serie A,Lecce,2.3822301142436153,10/11
56.44188068828754,Serie A,Udinese,9.558119311712467,10/11
53.44568554372147,Serie A,Palermo,2.5543144562785276,10/11
36.28283356363434,Serie A,Bari,-12.282833563634341,10/11
47.621802482396674,Serie A,Parma,-1.6218024823966735,10/11
40.51290269163543,Serie A,Cesena,2.4870973083645636,10/11
40.228181266041695,Serie A,Brescia,-7.363316401176832,10/11
61.693531056997976,La Liga,Valencia CF,9.306468943002017,10/11
48.50363784162204,La Liga,RCD Mallorca,-4.503637841622041,10/11
46.110615909642014,La Liga,CA Osasuna,0.8893840903579884,10/11
59.335574364506144,La Liga,Villarreal CF,2.6644256354938527,10/11
43.45885835397439,La Liga,RC Deportivo de La Coruña,-0.4588583539743887,10/11
86.03277682002543,La Liga,Real Madrid CF,5.967223179974569,10/11
89.89725013065791,La Liga,FC Barcelona,6.102749869342089,10/11
41.997082233253316,La Liga,Racing Santander,4.0029177667466875,10/11
60.214307003394964,La Liga,Sevilla FC,-2.2143070033949668,10/11
42.88848081473115,La Liga,Real Sporting de Gijón,4.111519185268845,10/11
49.10613934647084,La Liga,Getafe CF,-5.106139346470838,10/11
46.69485073095572,La Liga,RCD Espanyol,2.305149269044284,10/11
52.73900844001021,La Liga,Athletic Club de Bilbao,5.260991559989794,10/11
40.09181418897154,La Liga,UD Almería,-10.091814188971536,10/11
59.80598545717754,La Liga,Atlético Madrid,-1.8059854571775404,10/11
45.89992805290601,La Liga,Málaga CF,0.1000719470939826,10/11
45.07614325614651,La Liga,Real Zaragoza,-0.07614325614650097,10/11
42.53119354533854,La Liga,Hércules Club de Fútbol,-7.531193545338538,10/11
37.877384927182106,La Liga,Levante UD,7.122615072817894,10/11
44.37380705956991,La Liga,Real Sociedad,0.6261929404300908,10/11
80.40798706117407,Premier League,Manchester United,8.592012938825935,11/12
49.24262389008703,Premier League,Newcastle United,15.757376109912972,11/12
69.71447292440077,Premier League,Arsenal,0.2855270755992325,11/12
43.88057034052535,Premier League,West Bromwich Albion,3.1194296594746502,11/12
45.78858642676928,Premier League,Sunderland,-0.7885864267692788,11/12
68.40809764731651,Premier League,Liverpool,-16.408097647316506,11/12
36.3357137184738,Premier League,Wigan Athletic,6.6642862815262,11/12
45.54173212603777,Premier League,Aston Villa,-7.541732126037774,11/12
78.84237943366871,Premier League,Manchester City,10.157620566331293,11/12
53.81417654888915,Premier League,Everton,2.1858234511108448,11/12
38.78050502183059,Premier League,Blackburn Rovers,-7.780505021830596,11/12
67.4671808712175,Premier League,Tottenham Hotspur,1.5328191287825148,11/12
40.15680443266491,Premier League,Bolton Wanderers,-4.156804432664917,11/12
45.317024226725785,Premier League,Stoke City,-0.31702422672578434,11/12
48.587356878990775,Premier League,Fulham,3.41264312100923,11/12
73.88938480037436,Premier League,Chelsea,-9.889384800374359,11/12
36.887155180820606,Premier League,Wolverhampton Wanderers,-11.887155180820605,11/12
41.812894545222214,Premier League,Swansea City,5.187105454777788,11/12
40.13023391999308,Premier League,Queens Park Rangers,-3.130233919993077,11/12
39.63009373588499,Premier League,Norwich City,7.3699062641150075,11/12
46.616440499567396,Ligue 1,AJ Auxerre,-12.616440499567387,11/12
56.14489121651775,Ligue 1,Girondins de Bordeaux,4.855108783482249,11/12
44.36639182364054,Ligue 1,SM Caen,-6.366391823640536,11/12
44.39686413589453,Ligue 1,OGC Nice,-2.3968641358945275,11/12
49.66876364923648,Ligue 1,FC Lorient,-10.668763649236482,11/12
66.16564229013812,Ligue 1,Olympique Lyonnais,-2.165642290138135,11/12
52.586799975700345,Ligue 1,Toulouse FC,3.4132000242996523,11/12
70.01820004909955,Ligue 1,Paris Saint-Germain,8.981799950900456,11/12
43.380467412049626,Ligue 1,AS Nancy-Lorraine,1.6195325879503732,11/12
68.57123430300734,Ligue 1,LOSC Lille,5.428765696992658,11/12
57.340197231426345,Ligue 1,Stade Rennais FC,2.65980276857366,11/12
63.969406930552225,Ligue 1,Olympique de Marseille,-15.969406930552227,11/12
44.36965380440978,Ligue 1,FC Sochaux-Montbéliard,-2.369653804409781,11/12
48.19002746926522,Ligue 1,Valenciennes FC,-5.190027469265212,11/12
51.68515313260295,Ligue 1,AS Saint-Étienne,5.314846867397057,11/12
60.5652971606569,Ligue 1,Montpellier Hérault SC,21.434702839343117,11/12
44.07955985910856,Ligue 1,Stade Brestois 29,-3.079559859108552,11/12
37.16818884740675,Ligue 1,AC Ajaccio,3.831811152593248,11/12
43.67367662424384,Ligue 1,Évian Thonon Gaillard FC,6.326323375756151,11/12
39.83659607662679,Ligue 1,Dijon FCO,-3.8365960766267886,11/12
84.56057235115865,Bundesliga,FC Bayern Munich,-2.9723370570410164,11/12
48.89528554828387,Bundesliga,Hamburger SV,-8.659991430636811,11/12
60.20360341850274,Bundesliga,Bayer 04 Leverkusen,0.1493377579678382,11/12
76.50329806627542,Bundesliga,Borussia Dortmund,14.026113698430454,11/12
60.038340144709146,Bundesliga,FC Schalke 04,11.491071619996728,11/12
48.26029253465845,Bundesliga,Hannover 96,5.386766288870967,11/12
48.0488117168397,Bundesliga,VfL Wolfsburg,1.1276588713955853,11/12
38.091120551328906,Bundesliga,1. FC Köln,-4.561708786623027,11/12
46.046613412953356,Bundesliga,Hertha BSC Berlin,-11.399554589423946,11/12
55.18526597969998,Bundesliga,SV Werder Bremen,-8.244089509111744,11/12
50.037757577086694,Bundesliga,TSG 1899 Hoffenheim,-4.214228165321986,11/12
54.306667028640916,Bundesliga,Borussia Mönchengladbach,12.752156500770852,11/12
55.45853813248219,Bundesliga,VfB Stuttgart,3.7767559851648715,11/12
40.1869630142017,Bundesliga,SC Freiburg,4.5189193387394715,11/12
46.32494025039364,Bundesliga,1. FC Nürnberg,0.6162362201945996,11/12
49.40579521286016,Bundesliga,1. FSV Mainz 05,-5.8175599187425195,11/12
40.83614892132731,Bundesliga,1. FC Kaiserslautern,-15.130266568386132,11/12
36.59705812705202,Bundesliga,FC Augsburg,5.873530108242095,11/12
46.16113516205213,Serie A,Atalanta,8.12457912366215,11/12
44.42911883190719,Serie A,Siena,-4.318007720796068,11/12
46.1753276338561,Serie A,Cagliari,-3.953105411633873,11/12
57.245297493621855,Serie A,Lazio,5.0324802841559215,11/12
47.04467421515281,Serie A,Catania,-0.10349774456457043,11/12
49.6205290496728,Serie A,Genoa,-7.398306827450572,11/12
43.91194523783543,Serie A,Chievo Verona,3.3312980054078145,11/12
52.58665415302153,Serie A,Fiorentina,-5.645477682433293,11/12
75.87937694221996,Serie A,Juventus,9.892051629208606,11/12
75.43981090685112,Serie A,Milan,3.6412701742299562,11/12
41.29948061233237,Serie A,Bologna,6.4719479590962,11/12
61.40613155466863,Serie A,Roma,-5.46168711022419,11/12
65.81283362238273,Serie A,Napoli,-2.4795002890493927,11/12
65.98696948468434,Serie A,Inter,-5.820302818017671,11/12
38.7817194848035,Serie A,Lecce,-1.8674337705177901,11/12
58.1549229947327,Serie A,Udinese,8.3450770052673,11/12
47.542083755456126,Serie A,Palermo,-4.542083755456128,11/12
46.28943892194414,Serie A,Parma,10.710561078055862,11/12
35.31497893958868,Serie A,Cesena,-12.962037763118085,11/12
35.743272323339156,Serie A,Novara,-5.132161212228042,11/12
61.94280239885215,La Liga,Valencia CF,-0.9428023988521474,11/12
44.31760859002545,La Liga,RCD Mallorca,7.682391409974548,11/12
45.378427621223324,La Liga,CA Osasuna,8.621572378776685,11/12
50.381254994762216,La Liga,Villarreal CF,-9.38125499476221,11/12
90.60089928854433,La Liga,Real Madrid CF,9.399100711455668,11/12
94.4684597683825,La Liga,FC Barcelona,-3.4684597683825027,11/12
36.9294337994095,La Liga,Racing Santander,-9.929433799409498,11/12
57.05066839659887,La Liga,Sevilla FC,-7.050668396598864,11/12
39.883112167915684,La Liga,Real Sporting de Gijón,-2.8831121679156855,11/12
45.92364187596809,La Liga,Getafe CF,1.0763581240319153,11/12
48.15595723109736,La Liga,Real Betis Balompié,-1.1559572310973587,11/12
46.88364197844983,La Liga,RCD Espanyol,-0.8836419784498277,11/12
54.51332482257612,La Liga,Athletic Club de Bilbao,-5.51332482257612,11/12
61.089594953278024,La Liga,Atlético Madrid,-5.089594953278028,11/12
57.747045113203555,La Liga,Málaga CF,0.2529548867964495,11/12
40.78695117108609,La Liga,Real Zaragoza,2.2130488289139154,11/12
44.20724223049767,La Liga,Levante UD,10.792757769502328,11/12
42.95514232491269,La Liga,Real Sociedad,4.044857675087311,11/12
39.36943446932597,La Liga,Granada CF,2.6305655306740268,11/12
44.09866274609712,La Liga,Rayo Vallecano,-1.0986627460971172,11/12
77.64661333447938,Premier League,Manchester United,11.353386665520606,12/13
47.4021028113516,Premier League,Newcastle United,-6.402102811351599,12/13
69.99382336855945,Premier League,Arsenal,3.006176631440545,12/13
45.65695807235659,Premier League,West Bromwich Albion,3.343041927643416,12/13
41.1670639913046,Premier League,Sunderland,-2.167063991304605,12/13
67.79322062577839,Premier League,Liverpool,-6.793220625778385,12/13
44.11750396157083,Premier League,West Ham United,1.8824960384291662,12/13
42.70085382429355,Premier League,Wigan Athletic,-6.7008538242935485,12/13
39.76555931950913,Premier League,Aston Villa,1.2344406804908594,12/13
77.93338802720301,Premier League,Manchester City,0.06661197279699738,12/13
61.30148806506694,Premier League,Everton,1.6985119349330402,12/13
63.57678496791726,Premier League,Tottenham Hotspur,8.423215032082734,12/13
44.04260139415658,Premier League,Stoke City,-2.0426013941565824,12/13
46.18948991254217,Premier League,Fulham,-3.1894899125421743,12/13
71.48692677382736,Premier League,Chelsea,3.5130732261726436,12/13
45.57008427202736,Premier League,Swansea City,0.42991572797265154,12/13
40.963813701335056,Premier League,Queens Park Rangers,-15.963813701335056,12/13
39.36408084650065,Premier League,Norwich City,4.635919153499356,12/13
43.038478097885296,Premier League,Southampton,-2.0384780978853017,12/13
35.00017337256482,Premier League,Reading,-7.0001733725648165,12/13
56.92545208178854,Ligue 1,Girondins de Bordeaux,-1.9254520817885474,12/13
49.4441529420935,Ligue 1,OGC Nice,14.555847057906492,12/13
49.686765272420246,Ligue 1,FC Lorient,3.313234727579757,12/13
63.618770575143294,Ligue 1,Olympique Lyonnais,3.3812294248567074,12/13
53.39966863953828,Ligue 1,Toulouse FC,-2.3996686395382745,12/13
78.48093600615121,Ligue 1,Paris Saint-Germain,4.519063993848784,12/13
43.53640623312901,Ligue 1,AS Nancy-Lorraine,-5.536406233129005,12/13
65.96413306391145,Ligue 1,LOSC Lille,-3.9641330639114454,12/13
53.599597988975084,Ligue 1,Stade Rennais FC,-7.599597988975081,12/13
63.32464547250201,Ligue 1,Olympique de Marseille,7.675354527497987,12/13
40.74667266220769,Ligue 1,FC Sochaux-Montbéliard,0.25332733779230887,12/13
47.77461458764742,Ligue 1,Valenciennes FC,0.2253854123525718,12/13
60.85040685019598,Ligue 1,AS Saint-Étienne,2.14959314980402,12/13
57.980857575963554,Ligue 1,Montpellier Hérault SC,-5.980857575963551,12/13
38.04530801494798,Ligue 1,Stade Brestois 29,-9.045308014947974,12/13
42.06680259216669,Ligue 1,AC Ajaccio,-0.06680259216668993,12/13
44.52412282579004,Ligue 1,Évian Thonon Gaillard FC,-4.524122825790037,12/13
40.557761084411396,Ligue 1,Stade de Reims,2.4422389155886077,12/13
43.212304185927884,Ligue 1,SC Bastia,3.7876958140721104,12/13
40.572114160254145,Ligue 1,ES Troyes AC,-3.5721141602541477,12/13
87.74584774265364,Bundesliga,FC Bayern Munich,13.960034610287533,12/13
46.71237411012607,Bundesliga,Hamburger SV,6.93468471340334,12/13
62.87044250328439,Bundesliga,Bayer 04 Leverkusen,9.776616320245028,12/13
78.44611386664971,Bundesliga,Borussia Dortmund,-4.681407984296771,12/13
64.88347130656315,Bundesliga,FC Schalke 04,-3.412883071269037,12/13
46.26285796268616,Bundesliga,Hannover 96,4.031259684372664,12/13
48.49004783300584,Bundesliga,VfL Wolfsburg,-2.429441772399779,12/13
49.98225546220941,Bundesliga,Eintracht Frankfurt,7.017744537790581,12/13
51.24988090339943,Bundesliga,SV Werder Bremen,-13.249880903399436,12/13
45.516350166833234,Bundesliga,TSG 1899 Hoffenheim,-10.869291343303832,12/13
47.58208662345829,Bundesliga,Borussia Mönchengladbach,4.947325141247595,12/13
49.01588035829147,Bundesliga,VfB Stuttgart,0.4992711568600523,12/13
49.21473941181422,Bundesliga,SC Freiburg,7.785260588185777,12/13
43.789194140267284,Bundesliga,1. FC Nürnberg,5.387276447968001,12/13
50.18851403656831,Bundesliga,1. FSV Mainz 05,-3.247337565980064,12/13
42.646590937819035,Bundesliga,FC Augsburg,-5.764237996642571,12/13
38.96690231919341,Bundesliga,Fortuna Düsseldorf,-5.437490554487528,12/13
36.59908496677464,Bundesliga,SpVgg Greuther Fürth,-13.128496731480523,12/13
46.180549518402174,Serie A,Atalanta,-4.18054951840217,12/13
40.935867601248376,Serie A,Siena,-4.935867601248378,12/13
43.87610863375345,Serie A,Cagliari,3.1238913662465633,12/13
58.51838359684207,Serie A,Lazio,2.4816164031579238,12/13
48.171683844499896,Serie A,Catania,7.828316155500103,12/13
45.13783699988257,Serie A,Genoa,-7.137836999882584,12/13
42.420911865491966,Serie A,Chievo Verona,2.5790881345080323,12/13
62.99978877703634,Serie A,Fiorentina,7.000211222963654,12/13
78.40835539375135,Serie A,Juventus,8.591644606248671,12/13
68.88701188388008,Serie A,Milan,1.9778529809847951,12/13
45.191090742586894,Serie A,Bologna,-0.001901553397695953,12/13
64.03966238843567,Serie A,Roma,-2.039662388435679,12/13
68.02340533709007,Serie A,Napoli,9.976594662909932,12/13
44.91245486848133,Serie A,Sampdoria,-1.9124548684813367,12/13
59.06385557888157,Serie A,Inter,-5.063855578881581,12/13
45.77552202994568,Serie A,Torino,-5.775522029945673,12/13
52.14972527517702,Serie A,Udinese,13.850274724822976,12/13
44.66888397662303,Serie A,Palermo,-12.668883976623032,12/13
49.53853089357796,Serie A,Parma,-0.5385308935779776,12/13
29.929236292172344,Serie A,Pescara,-7.929236292172342,12/13
61.73334510404534,La Liga,Valencia CF,3.2666548959546544,12/13
44.33495560066661,La Liga,RCD Mallorca,-8.334955600666603,12/13
44.11884614713392,La Liga,CA Osasuna,-5.118846147133919,12/13
44.07798513290129,La Liga,RC Deportivo de La Coruña,-9.077985132901295,12/13
85.61742906097098,La Liga,Real Madrid CF,-0.6174290609709683,12/13
90.76331686054073,La Liga,FC Barcelona,9.236683139459274,12/13
58.23107305007515,La Liga,Sevilla FC,-8.23107305007515,12/13
43.996471398511915,La Liga,Getafe CF,3.0035286014880853,12/13
47.752791174102185,La Liga,Real Betis Balompié,8.247208825897813,12/13
44.18475861304237,La Liga,RCD Espanyol,-0.18475861304237107,12/13
42.59262887966783,La Liga,Real Valladolid,0.40737112033217016,12/13
49.700700297681585,La Liga,Athletic Club de Bilbao,-4.700700297681588,12/13
66.96407083694807,La Liga,Atlético Madrid,9.035929163051946,12/13
53.71255140373951,La Liga,Málaga CF,3.287448596260486,12/13
43.428433939797934,La Liga,Real Zaragoza,-9.42843393979793,12/13
41.85619749979212,La Liga,Levante UD,4.143802500207888,12/13
51.89394091017904,La Liga,Real Sociedad,14.106059089820963,12/13
41.248933372621174,La Liga,Granada CF,0.7510666273788176,12/13
43.598746631529636,La Liga,Rayo Vallecano,9.401253368470368,12/13
46.32553173567098,La Liga,RC Celta de Vigo,-9.325531735670978,12/13
71.54752782465728,Premier League,Manchester United,-7.5475278246572906,13/14
45.59529702175574,Premier League,Newcastle United,3.40470297824426,13/14
71.76590219440016,Premier League,Arsenal,7.234097805599849,13/14
43.69278277779438,Premier League,West Bromwich Albion,-7.692782777794368,13/14
39.357660705220056,Premier League,Sunderland,-1.3576607052200504,13/14
75.64117897987425,Premier League,Liverpool,8.358821020125742,13/14
40.94736716568598,Premier League,West Ham United,-0.9473671656859833,13/14
41.34075575907258,Premier League,Aston Villa,-3.3407557590725783,13/14
81.40331680614224,Premier League,Manchester City,4.596683193857741,13/14
62.045913866380175,Premier League,Everton,9.954086133619825,13/14
62.93579211724411,Premier League,Tottenham Hotspur,6.064207882755891,13/14
40.75370796827362,Premier League,Stoke City,9.24629203172638,13/14
39.72130965035542,Premier League,Hull City,-2.721309650355421,13/14
37.44074134221194,Premier League,Fulham,-5.4407413422119415,13/14
77.11504669431099,Premier League,Chelsea,4.884953305689029,13/14
49.9293750099817,Premier League,Swansea City,-7.929375009981698,13/14
38.60334627391832,Premier League,Norwich City,-5.603346273918314,13/14
54.66897416831904,Premier League,Southampton,1.3310258316809636,13/14
34.321054476110334,Premier League,Crystal Palace,10.678945523889663,13/14
37.03757782564948,Premier League,Cardiff City,-7.037577825649478,13/14
47.1178630699253,Ligue 1,FC Nantes,1.882136930074688,13/14
53.94234704363777,Ligue 1,Girondins de Bordeaux,-0.9423470436377639,13/14
45.2808773568465,Ligue 1,OGC Nice,-3.2808773568465046,13/14
48.20615520811346,Ligue 1,FC Lorient,0.7938447918865406,13/14
59.19341347496196,Ligue 1,Olympique Lyonnais,1.8065865250380444,13/14
50.43200927024056,Ligue 1,Toulouse FC,-1.4320092702405605,13/14
72.25677941728759,Ligue 1,AS Monaco,7.743220582712408,13/14
84.82602874678449,Ligue 1,Paris Saint-Germain,4.173971253215502,13/14
63.78728999288767,Ligue 1,LOSC Lille,7.212710007112314,13/14
48.074110499291024,Ligue 1,Stade Rennais FC,-2.074110499291018,13/14
60.620031086932705,Ligue 1,Olympique de Marseille,-0.6200310869327035,13/14
40.27947856219616,Ligue 1,FC Sochaux-Montbéliard,-0.27947856219616085,13/14
42.87729320057531,Ligue 1,Valenciennes FC,-13.87729320057532,13/14
60.99539009230371,Ligue 1,AS Saint-Étienne,8.004609907696281,13/14
51.86303130504655,Ligue 1,Montpellier Hérault SC,-9.863031305046553,13/14
32.80620758076712,Ligue 1,AC Ajaccio,-9.806207580767122,13/14
42.77981592957193,Ligue 1,Évian Thonon Gaillard FC,1.2201840704280704,13/14
42.915177553863046,Ligue 1,Stade de Reims,5.0848224461369504,13/14
42.582809104520095,Ligue 1,SC Bastia,3.4171908954798997,13/14
45.72116896261328,Ligue 1,En Avant de Guingamp,-3.721168962613275,13/14
92.63781836850657,Bundesliga,FC Bayern Munich,7.950416925611074,13/14
45.17046455540368,Bundesliga,Hamburger SV,-14.993993967168388,13/14
65.08731684173576,Bundesliga,Bayer 04 Leverkusen,3.0891537464995396,13/14
80.40279513102642,Bundesliga,Borussia Dortmund,-1.0498539545558425,13/14
59.10089505629557,Bundesliga,FC Schalke 04,12.428516708410307,13/14
43.78296188377937,Bundesliga,Hannover 96,3.158214586808862,13/14
56.120694866883284,Bundesliga,VfL Wolfsburg,10.93812866252849,13/14
47.55080083646553,Bundesliga,Eintracht Frankfurt,-7.315506718818463,13/14
49.366210269924586,Bundesliga,Hertha BSC Berlin,-3.5426808581598745,13/14
40.2522315155512,Bundesliga,SV Werder Bremen,3.336003778566434,13/14
49.06810054321375,Bundesliga,TSG 1899 Hoffenheim,0.108370045021533,13/14
54.68748309846318,Bundesliga,Borussia Mönchengladbach,6.7831051368309385,13/14
48.72446940036325,Bundesliga,VfB Stuttgart,-12.959763518010323,13/14
38.572571704025215,Bundesliga,SC Freiburg,1.6627224136218473,13/14
40.733905481715645,Bundesliga,1. FC Nürnberg,-11.675081952303884,13/14
47.93969566675269,Bundesliga,1. FSV Mainz 05,11.295598450894364,13/14
50.49230343450211,Bundesliga,FC Augsburg,7.625343624321415,13/14
33.62552222005108,Bundesliga,Eintracht Braunschweig,-5.68434574946285,13/14
43.38928847272026,Serie A,Atalanta,6.610711527279742,13/14
43.94252295867656,Serie A,Cagliari,-4.9425229586765695,13/14
56.53130354964483,Serie A,Lazio,-0.5313035496448348,13/14
40.679966480695,Serie A,Catania,-8.679966480694997,13/14
41.319167138882435,Serie A,Genoa,2.680832861117566,13/14
41.785122945175644,Serie A,Chievo Verona,-5.785122945175651,13/14
61.45055729786772,Serie A,Fiorentina,3.549442702132286,13/14
82.55932782131337,Serie A,Juventus,19.440672178686622,13/14
66.51454679491687,Serie A,Milan,-9.51454679491686,13/14
40.86585003048446,Serie A,Bologna,-11.865850030484463,13/14
72.19043932721647,Serie A,Roma,12.80956067278353,13/14
70.36382584936642,Serie A,Napoli,7.636174150633584,13/14
44.03470415892043,Serie A,Sampdoria,0.9652958410795724,13/14
64.15621126258716,Serie A,Inter,-4.156211262587168,13/14
49.16537924432675,Serie A,Torino,7.834620755673249,13/14
50.681944057470304,Serie A,Udinese,-6.6819440574703055,13/14
36.37906617628268,Serie A,Livorno,-11.379066176282667,13/14
53.009756996539416,Serie A,Parma,4.990243003460587,13/14
43.63684991934157,Serie A,Hellas Verona,10.36315008065843,13/14
38.64669434927862,Serie A,Sassuolo,-4.646694349278619,13/14
57.70085673416008,La Liga,Valencia CF,-8.70085673416009,13/14
41.287476012943294,La Liga,CA Osasuna,-2.2874760129432943,13/14
58.27396103137234,La Liga,Villarreal CF,0.7260389686276693,13/14
88.86900494098074,La Liga,Real Madrid CF,-1.8690049409807574,13/14
91.48049764027138,La Liga,FC Barcelona,-4.480497640271377,13/14
57.37797949212252,La Liga,Sevilla FC,5.62202050787748,13/14
42.92037907698451,La Liga,Getafe CF,-0.9203790769845093,13/14
43.13708308892866,La Liga,Real Betis Balompié,-18.137083088928662,13/14
47.52977996857261,La Liga,RCD Espanyol,-5.52977996857262,13/14
41.36270305177537,La Liga,Real Valladolid,-5.362703051775361,13/14
57.87931167275525,La Liga,Athletic Club de Bilbao,12.120688327244743,13/14
39.1188709186473,La Liga,UD Almería,0.8811290813527023,13/14
78.10011959963772,La Liga,Atlético Madrid,11.899880400362271,13/14
44.82698952604657,La Liga,Málaga CF,0.17301047395342328,13/14
37.41469989718841,La Liga,Levante UD,10.58530010281159,13/14
55.0672472381042,La Liga,Real Sociedad,3.9327527618957974,13/14
41.37628696275958,La Liga,Granada CF,-0.3762869627595715,13/14
40.3325620538196,La Liga,Rayo Vallecano,2.667437946180404,13/14
44.22940635112635,La Liga,RC Celta de Vigo,4.770593648873641,13/14
40.49671608716451,La Liga,Elche CF,-0.49671608716451665,13/14
70.82475915463783,Premier League,Manchester United,-0.8247591546378343,14/15
44.41728342610426,Premier League,Newcastle United,-5.417283426104261,14/15
71.87986666599292,Premier League,Arsenal,3.1201333340070754,14/15
43.15644775029456,Premier League,West Bromwich Albion,0.8435522497054442,14/15
39.087733664156374,Premier League,Sunderland,-1.0877336641563735,14/15
67.12640340480817,Premier League,Liverpool,-5.126403404808183,14/15
45.49534597807815,Premier League,West Ham United,1.5046540219218532,14/15
39.08729870932743,Premier League,Aston Villa,-1.087298709327426,14/15
78.61947111246809,Premier League,Manchester City,0.3805288875318986,14/15
55.94915213270663,Premier League,Everton,-8.949152132706622,14/15
58.2553798852238,Premier League,Tottenham Hotspur,5.744620114776191,14/15
46.317664516641514,Premier League,Stoke City,7.682335483358483,14/15
40.368994830545574,Premier League,Hull City,-5.368994830545568,14/15
80.0115923852774,Premier League,Chelsea,6.988407614722598,14/15
36.42479942337645,Premier League,Burnley,-3.424799423376454,14/15
47.799949486499315,Premier League,Swansea City,8.200050513500685,14/15
35.67026323683542,Premier League,Queens Park Rangers,-5.670263236835423,14/15
59.180794229792255,Premier League,Southampton,0.8192057702077391,14/15
41.56237362542049,Premier League,Crystal Palace,6.4376263745795175,14/15
42.82989065105417,Premier League,Leicester City,-1.8298906510541688,14/15
47.835451618593424,Ligue 1,FC Nantes,-2.835451618593428,14/15
54.97881651954572,Ligue 1,Girondins de Bordeaux,8.021183480454278,14/15
45.788936745185524,Ligue 1,SM Caen,0.21106325481447244,14/15
44.695010676288376,Ligue 1,OGC Nice,3.304989323711625,14/15
46.713384232319385,Ligue 1,FC Lorient,-3.7133842323193855,14/15
63.759845663231204,Ligue 1,Olympique Lyonnais,11.240154336768807,14/15
50.73470536746914,Ligue 1,Toulouse FC,-8.734705367469145,14/15
65.64426437490647,Ligue 1,AS Monaco,5.3557356250935335,14/15
84.14770274424737,Ligue 1,Paris Saint-Germain,-1.1477027442473648,14/15
56.468129644826725,Ligue 1,LOSC Lille,-0.4681296448267229,14/15
48.73814591474887,Ligue 1,Stade Rennais FC,1.2618540852511368,14/15
68.35870379008095,Ligue 1,Olympique de Marseille,0.6412962099190499,14/15
61.67054857542384,Ligue 1,AS Saint-Étienne,7.329451424576156,14/15
38.52645695342275,Ligue 1,RC Lens,-9.526456953422755,14/15
49.198552321147105,Ligue 1,Montpellier Hérault SC,6.801447678852894,14/15
40.506494097465584,Ligue 1,Évian Thonon Gaillard FC,-3.5064940974655854,14/15
40.32632879032888,Ligue 1,Stade de Reims,3.6736712096711264,14/15
41.38501066542548,Ligue 1,SC Bastia,5.614989334574521,14/15
44.87007594377021,Ligue 1,En Avant de Guingamp,4.129924056229788,14/15
41.26432664542154,Ligue 1,FC Metz,-11.264326645421537,14/15
90.80801514614268,Bundesliga,FC Bayern Munich,-2.5138974990838676,14/15
43.2009181322143,Bundesliga,Hamburger SV,-4.083271073390765,14/15
68.49239088004015,Bundesliga,Bayer 04 Leverkusen,-0.31592029180485187,14/15
75.44286374654716,Bundesliga,Borussia Dortmund,-24.031099040664806,14/15
52.55818298191863,Bundesliga,FC Schalke 04,1.0888758416107842,14/15
44.370215982975836,Bundesliga,Hannover 96,-3.017274806505238,14/15
64.7112282237829,Bundesliga,VfL Wolfsburg,12.406418835040645,14/15
44.3660775975097,Bundesliga,1. FC Köln,0.3398047554314807,14/15
44.1259713902313,Bundesliga,Eintracht Frankfurt,3.9328521391804756,14/15
42.769427314096546,Bundesliga,Hertha BSC Berlin,-3.6517802552730165,14/15
41.01208396756252,Bundesliga,SV Werder Bremen,7.046739561849253,14/15
52.55269400424947,Bundesliga,TSG 1899 Hoffenheim,-3.3762234160141755,14/15
58.71196088408916,Bundesliga,Borussia Mönchengladbach,15.052744998263785,14/15
46.40809599680002,Bundesliga,VfB Stuttgart,-6.172801879152958,14/15
40.45647229778339,Bundesliga,SC Freiburg,-2.456472297783392,14/15
46.473223126114306,Bundesliga,1. FSV Mainz 05,-1.767340773173129,14/15
49.203470288204734,Bundesliga,FC Augsburg,5.561235594148211,14/15
36.54863320020019,Bundesliga,SC Paderborn 07,-1.9015743766707758,14/15
43.400723061742305,Serie A,Atalanta,-6.400723061742305,14/15
43.62509294467428,Serie A,Cagliari,-9.625092944674273,14/15
64.83099561819145,Serie A,Lazio,2.9527881655923314,14/15
47.3070463406868,Serie A,Genoa,11.692953659313194,14/15
40.61101336299657,Serie A,Chievo Verona,2.388986637003428,14/15
63.2534327624595,Serie A,Fiorentina,0.7465672375404937,14/15
78.8030256456997,Serie A,Juventus,8.196974354300284,14/15
58.50069397352642,Serie A,Milan,-6.500693973526417,14/15
69.98380357746684,Serie A,Roma,0.01619642253315412,14/15
70.90241873990455,Serie A,Napoli,-6.199716037201844,14/15
51.70684057333199,Serie A,Sampdoria,4.293159426668007,14/15
63.291473521357105,Serie A,Inter,-8.2914735213571,14/15
52.92055255767092,Serie A,Torino,1.0794474423290736,14/15
45.94629277559081,Serie A,Udinese,-4.946292775590811,14/15
47.07303136150912,Serie A,Palermo,1.9269686384908717,14/15
38.48118768114463,Serie A,Parma,-12.481187681144636,14/15
30.709463697533977,Serie A,Cesena,-6.709463697533975,14/15
41.75864848717769,Serie A,Hellas Verona,4.241351512822302,14/15
42.99147769167945,Serie A,Sassuolo,6.008522308320547,14/15
44.95110387133917,Serie A,Empoli,-2.9511038713391713,14/15
63.08997108762089,La Liga,Valencia CF,13.910028912379113,14/15
61.176423529233524,La Liga,Villarreal CF,-1.1764235292335234,14/15
39.04776048528119,La Liga,RC Deportivo de La Coruña,-4.047760485281187,14/15
89.98665100942877,La Liga,Real Madrid CF,2.013348990571237,14/15
92.79353360276103,La Liga,FC Barcelona,1.2064663972389624,14/15
63.256680755282616,La Liga,Sevilla FC,12.743319244717386,14/15
40.567857827014564,La Liga,Getafe CF,-3.567857827014572,14/15
47.949492041950364,La Liga,RCD Espanyol,1.0505079580496297,14/15
55.81573027084837,La Liga,Athletic Club de Bilbao,-0.815730270848372,14/15
36.82564540292405,La Liga,UD Almería,-4.825645402924051,14/15
74.45366689545133,La Liga,Atlético Madrid,3.546333104548679,14/15
50.56015088116942,La Liga,Málaga CF,-0.5601508811694174,14/15
35.81662049099689,La Liga,Levante UD,1.1833795090031045,14/15
48.67641623489454,La Liga,Real Sociedad,-2.6764162348945355,14/15
40.866503918887325,La Liga,Granada CF,-5.866503918887323,14/15
44.479210498342496,La Liga,Rayo Vallecano,4.520789501657507,14/15
53.988704281077005,La Liga,RC Celta de Vigo,-2.988704281077002,14/15
37.393559002811465,La Liga,Elche CF,3.606440997188537,14/15
38.58493151203815,La Liga,SD Eibar,-3.5849315120381475,14/15
33.01695636345506,La Liga,Córdoba CF,-13.016956363455058,14/15
65.95404656233427,Premier League,Manchester United,0.04595343766572224,15/16
40.648218401979385,Premier League,Newcastle United,-3.6482184019793813,15/16
74.00438094073961,Premier League,Arsenal,-3.0043809407396176,15/16
38.89043820653822,Premier League,West Bromwich Albion,4.109561793461774,15/16
37.13071498168549,Premier League,Sunderland,1.8692850183145022,15/16
64.11593740273351,Premier League,Liverpool,-4.115937402733502,15/16
46.62426489841701,Premier League,West Ham United,15.375735101582988,15/16
34.49457356923132,Premier League,Aston Villa,-17.494573569231317,15/16
75.89337027955256,Premier League,Manchester City,-9.893370279552546,15/16
53.68821967769969,Premier League,Everton,-6.688219677699697,15/16
65.0238817213587,Premier League,Tottenham Hotspur,4.976118278641292,15/16
44.50034730699275,Premier League,Stoke City,6.499652693007247,15/16
67.63458778457257,Premier League,Chelsea,-17.63458778457258,15/16
45.362852921100455,Premier League,Swansea City,1.637147078899547,15/16
41.876269392442424,Premier League,Norwich City,-7.876269392442426,15/16
57.99422503101471,Premier League,Southampton,5.0057749689853015,15/16
46.056944487818846,Premier League,Crystal Palace,-4.056944487818851,15/16
53.262275297939865,Premier League,Leicester City,27.73772470206013,15/16
46.92491708261359,Premier League,Bournemouth,-4.924917082613582,15/16
42.03985057939895,Premier League,Watford,2.960149420601048,15/16
48.036289784421776,Ligue 1,FC Nantes,0.23398048584849068,15/16
53.91942329833173,Ligue 1,Girondins de Bordeaux,-3.9194232983317328,15/16
48.18111488669005,Ligue 1,SM Caen,5.818885113309955,15/16
50.12227600750096,Ligue 1,OGC Nice,12.877723992499037,15/16
45.545967648153955,Ligue 1,FC Lorient,0.45403235184603874,15/16
65.56582210262435,Ligue 1,Olympique Lyonnais,-0.5658221026243515,15/16
50.54315115531443,Ligue 1,Toulouse FC,-10.54315115531444,15/16
61.42990339302908,Ligue 1,AS Monaco,3.5700966069709184,15/16
86.7087495382959,Ligue 1,Paris Saint-Germain,9.291250461704092,15/16
56.16266401277682,Ligue 1,LOSC Lille,3.837335987223179,15/16
51.51452446296216,Ligue 1,Stade Rennais FC,0.4854755370378454,15/16
62.29631888517983,Ligue 1,Olympique de Marseille,-14.02604861490956,15/16
56.70780494743119,Ligue 1,AS Saint-Étienne,1.292195052568804,15/16
49.053549779962864,Ligue 1,Montpellier Hérault SC,-0.053549779962871025,15/16
45.58918677111483,Ligue 1,Stade de Reims,-6.589186771114832,15/16
40.24547898448654,Ligue 1,SC Bastia,9.754521015513467,15/16
34.1417838865106,Ligue 1,ES Troyes AC,-16.1417838865106,15/16
46.39129329740945,Ligue 1,En Avant de Guingamp,-2.3912932974094456,15/16
42.46036006317002,Ligue 1,Angers SCO,7.539639936829979,15/16
40.49171770332283,Ligue 1,GFC Ajaccio,-3.4917177033228324,15/16
93.77326983868504,Bundesliga,FC Bayern Munich,4.579671337785546,15/16
42.58768334359098,Bundesliga,Hamburger SV,3.2358460681737244,15/16
65.77306195092568,Bundesliga,Bayer 04 Leverkusen,1.2857615784860699,15/16
82.09558515816073,Bundesliga,Borussia Dortmund,5.080885430074552,15/16
55.1553003944164,Bundesliga,FC Schalke 04,2.9623466644071392,15/16
35.834149273349546,Bundesliga,Hannover 96,-7.892972802761314,15/16
60.27774682168224,Bundesliga,VfL Wolfsburg,-9.983629174623411,15/16
46.87261007228037,Bundesliga,1. FC Köln,1.1862134571313967,15/16
42.973503453916756,Bundesliga,Eintracht Frankfurt,-2.738209336269702,15/16
46.61278526800046,Bundesliga,Hertha BSC Berlin,9.269567673176015,15/16
44.71106147320956,Bundesliga,SV Werder Bremen,-2.24047323791544,15/16
44.673437560345164,Bundesliga,TSG 1899 Hoffenheim,-3.320496383874571,15/16
57.60522193048675,Bundesliga,Borussia Mönchengladbach,3.86536630480736,15/16
51.36377053619349,Bundesliga,VfB Stuttgart,-14.481417595017025,15/16
47.60299142775413,Bundesliga,1. FSV Mainz 05,8.279361513422343,15/16
45.91228109807521,Bundesliga,FC Augsburg,-3.4416928627810894,15/16
42.01368245653491,Bundesliga,FC Ingolstadt 04,2.692199896406271,15/16
36.28836179453776,Bundesliga,SV Darmstadt 98,6.182226440756357,15/16
44.43973253686688,Serie A,Atalanta,0.5602674631331253,15/16
59.56477608986155,Serie A,Lazio,-5.564776089861559,15/16
47.97167882744167,Serie A,Genoa,-1.971678827441675,15/16
42.69944956918721,Serie A,Chievo Verona,7.300550430812793,15/16
63.34558977377281,Serie A,Fiorentina,0.6544102262271982,15/16
78.86956208093324,Serie A,Juventus,12.130437919066752,15/16
61.96361615780742,Serie A,Milan,-4.963616157807424,15/16
41.3547385165224,Serie A,Bologna,0.6452614834775945,15/16
70.58418543695296,Serie A,Roma,9.415814563047023,15/16
79.18828920721893,Serie A,Napoli,2.8117107927810645,15/16
44.55308141473402,Serie A,Sampdoria,-4.55308141473402,15/16
65.16020448673615,Serie A,Inter,1.839795513263864,15/16
53.7024208132098,Serie A,Torino,-8.702420813209802,15/16
44.67958604120713,Serie A,Udinese,-5.679586041207136,15/16
42.25930219161326,Serie A,Palermo,-3.259302191613254,15/16
37.653004991990294,Serie A,Hellas Verona,-9.653004991990297,15/16
49.4891088485301,Serie A,Sassuolo,11.510891151469899,15/16
45.500218361060256,Serie A,Empoli,0.49978163893974603,15/16
30.695905900382215,Serie A,Frosinone,0.3040940996177852,15/16
37.77345117452178,Serie A,Carpi,0.22654882547821775,15/16
54.15065842896502,La Liga,Valencia CF,-10.150658428965025,15/16
55.287643167252455,La Liga,Villarreal CF,8.712356832747545,15/16
44.37591364975629,La Liga,RC Deportivo de La Coruña,-2.3759136497562965,15/16
86.8846499162693,La Liga,Real Madrid CF,3.1153500837307,15/16
93.28087707925678,La Liga,FC Barcelona,-2.2808770792567823,15/16
60.730732371842336,La Liga,Sevilla FC,-8.730732371842336,15/16
39.97983776568246,La Liga,Real Sporting de Gijón,-0.9798377656824605,15/16
40.70970194162102,La Liga,Getafe CF,-4.7097019416210255,15/16
39.72862222946595,La Liga,Real Betis Balompié,5.27137777053405,15/16
42.552594900696164,La Liga,RCD Espanyol,0.44740509930383254,15/16
59.630151878484966,La Liga,Athletic Club de Bilbao,2.3698481215150284,15/16
75.1422718962396,La Liga,Atlético Madrid,12.857728103760383,15/16
47.37125049304606,La Liga,Málaga CF,0.6287495069539354,15/16
37.39550503894988,La Liga,Levante UD,-5.395505038949881,15/16
49.64085480968979,La Liga,Real Sociedad,-1.6408548096898032,15/16
39.6454085128911,La Liga,Granada CF,-0.6454085128911045,15/16
43.038934489073775,La Liga,Rayo Vallecano,-5.038934489073778,15/16
55.93797524976141,La Liga,RC Celta de Vigo,4.062024750238589,15/16
41.84439082652008,La Liga,SD Eibar,1.1556091734799254,15/16
39.96255216607115,La Liga,UD Las Palmas,4.037447833928855,15/16
